-- Insérer des utilisateurs dans user_table
INSERT INTO user_table (firstname, lastname, email, username, password, created_at) VALUES
('Janice', 'Mccormick', 'janice.mccormick@example.com', 'janicemccormick320', '*l#o*fEo1#KK', '2023-02-15'),
('Adam', 'Thompson', 'adam.thompson@example.com', 'adamthompson387', 'xo5zetwV)(9E', '2023-05-27'),
('William', 'Powell', 'william.powell@example.com', 'williampowell974', 'fLDBYjxw_*l6', '2023-03-10'),
('Samantha', 'Wong', 'samantha.wong@example.com', 'samanthawong904', '@^4waZkdV8(L', '2023-03-13'),
('Jennifer', 'Holmes', 'jennifer.holmes@example.com', 'jenniferholmes643', 'L!8jN_)ca%7%', '2023-03-04'),
('Melissa', 'Irwin', 'melissa.irwin@example.com', 'melissairwin167', 'R4U02Kj8%49E', '2023-06-18'),
('Ian', 'Valdez', 'ian.valdez@example.com', 'ianvaldez774', 'Na+%VpzD&)88', '2023-03-27'),
('Ricky', 'Franco', 'ricky.franco@example.com', 'rickyfranco783', 'Mi8aO_Fh)pwM', '2023-03-05'),
('Courtney', 'Stokes', 'courtney.stokes@example.com', 'courtneystokes205', 'Y8s1r$e@*8GT', '2023-05-01'),
('David', 'Black', 'david.black@example.com', 'davidblack696', 'Jxz%tvbxp&5T', '2023-05-17'),
('Jose', 'Rodriguez', 'jose.rodriguez@example.com', 'joserodriguez692', 'wB+0wBg7C)_5', '2023-04-24'),
('Elizabeth', 'Marshall', 'elizabeth.marshall@example.com', 'elizabethmarshall641', '&7fDuIy6kfG+', '2023-06-21'),
('Jeffrey', 'Bailey', 'jeffrey.bailey@example.com', 'jeffreybailey299', '@f9JLhPYj3#p', '2023-01-20'),
('Stephanie', 'Cooley', 'stephanie.cooley@example.com', 'stephaniecooley569', '&46tyM0f!1DY', '2023-04-10'),
('Julie', 'Sanchez', 'julie.sanchez@example.com', 'juliesanchez997', '^Z!5zf@#x7AI', '2023-02-06'),
('Jacob', 'Schwartz', 'jacob.schwartz@example.com', 'jacobschwartz319', '_2kDkm%Oz3xX', '2023-04-13'),
('Jesus', 'Vasquez', 'jesus.vasquez@example.com', 'jesusvasquez502', 'dc33ZWCk&)6c', '2023-05-26'),
('Joseph', 'Conway', 'joseph.conway@example.com', 'josephconway679', '(7G5MOZhz6AX', '2023-05-19'),
('Barbara', 'Gonzalez', 'barbara.gonzalez@example.com', 'barbaragonzalez467', 'nvFaMpmV(J(6', '2023-05-08'),
('Angela', 'Hensley', 'angela.hensley@example.com', 'angelahensley567', '#mThKuWr$6&3', '2023-05-03'),
('Victor', 'Long', 'victor.long@example.com', 'victorlong853', '@riqLZ1m932w', '2023-04-20'),
('Nancy', 'Miller', 'nancy.miller@example.com', 'nancymiller926', 'hdj6CAyP0)TP', '2023-01-26'),
('Lance', 'Mckay', 'lance.mckay@example.com', 'lancemckay498', '9L69Utfo_$LD', '2023-04-15'),
('Megan', 'Walter', 'megan.walter@example.com', 'meganwalter242', '!d4+2jOd*n#k', '2023-03-29'),
('Carlos', 'Ramirez', 'carlos.ramirez@example.com', 'carlosramirez794', 'iF&FAec!^fr4', '2023-06-06'),
('Nancy', 'Koch', 'nancy.koch@example.com', 'nancykoch382', 'C1Svyw49#oH0', '2023-01-26'),
('Jeffrey', 'Sanchez', 'jeffrey.sanchez@example.com', 'jeffreysanchez867', '0#G2SaR$)Bhy', '2023-01-03'),
('Heather', 'Aguilar', 'heather.aguilar@example.com', 'heatheraguilar137', '3H^y%XdQOQ96', '2023-01-14'),
('Matthew', 'Clarke', 'matthew.clarke@example.com', 'matthewclarke991', '#!h8Td802m!R', '2023-05-20'),
('Veronica', 'Johnson', 'veronica.johnson@example.com', 'veronicajohnson922', '(+2SUya+QNy%', '2023-04-18'),
('Michael', 'Cox', 'michael.cox@example.com', 'michaelcox884', 'V4&YScIrOeU(', '2023-05-13'),
('Jessica', 'Miller', 'jessica.miller@example.com', 'jessicamiller869', '+s#Hb(ni3Ci7', '2023-04-22'),
('Johnny', 'Grimes', 'johnny.grimes@example.com', 'johnnygrimes529', 'v&(YUHRe)m!9', '2023-05-17'),
('Anna', 'Wilson', 'anna.wilson@example.com', 'annawilson913', 'Qm@_7Z@q^44$', '2023-03-30'),
('Heidi', 'Adams', 'heidi.adams@example.com', 'heidiadams239', '9O@U5SVw#4ut', '2023-04-27'),
('Chelsea', 'Johnson', 'chelsea.johnson@example.com', 'chelseajohnson753', 'X_xVk!sBVR0O', '2023-06-07'),
('Derrick', 'Jones', 'derrick.jones@example.com', 'derrickjones147', '(3Rue_V75A6F', '2023-03-23'),
('Melissa', 'Quinn', 'melissa.quinn@example.com', 'melissaquinn524', 'qOypEmj98j#9', '2023-03-03'),
('Timothy', 'Perez', 'timothy.perez@example.com', 'timothyperez365', 'Qx%0xiR+%2R)', '2023-01-03'),
('Tracy', 'Patterson', 'tracy.patterson@example.com', 'tracypatterson413', 'x(0rfj#UBh3O', '2023-04-02'),
('James', 'Cohen', 'james.cohen@example.com', 'jamescohen781', '!7olJ3l5^dKx', '2023-05-26'),
('Samantha', 'Jones', 'samantha.jones@example.com', 'samanthajones629', '_A+YB9Wa%Phf', '2023-01-22'),
('Gary', 'Carter', 'gary.carter@example.com', 'garycarter555', 'wOJRsVkt!_6a', '2023-05-30'),
('Daniel', 'Shepherd', 'daniel.shepherd@example.com', 'danielshepherd590', 'qmCFPhg@K%l1', '2023-05-12'),
('Shannon', 'Brown', 'shannon.brown@example.com', 'shannonbrown301', '$E^JyIPh82xW', '2023-05-13'),
('Heather', 'Lopez', 'heather.lopez@example.com', 'heatherlopez569', 'BRbMvzlZS_2X', '2023-03-15'),
('Alyssa', 'Grant', 'alyssa.grant@example.com', 'alyssagrant512', 'aI!4JArolXBw', '2023-05-16'),
('Joseph', 'Moore', 'joseph.moore@example.com', 'josephmoore981', 'g5aGeUdg%Kix', '2023-05-29'),
('Douglas', 'Reese', 'douglas.reese@example.com', 'douglasreese940', 'm*NG0VFycQse', '2023-03-06'),
('Steven', 'Bridges', 'steven.bridges@example.com', 'stevenbridges789', ')g8T6lw%v#C#', '2023-05-05'),
('Nicole', 'Martin', 'nicole.martin@example.com', 'nicolemartin651', 'M&&9S(x8vgMV', '2023-04-18'),
('Stephen', 'Gross', 'stephen.gross@example.com', 'stephengross454', 'Op71Q@dz^H2g', '2023-01-13'),
('Robert', 'Hughes', 'robert.hughes@example.com', 'roberthughes258', 'dk3^STk#Iz$D', '2023-04-24'),
('Terri', 'Roberts', 'terri.roberts@example.com', 'terriroberts359', 'cO7xLLrNLN+R', '2023-02-23'),
('Wendy', 'Velasquez', 'wendy.velasquez@example.com', 'wendyvelasquez930', '99PRr0Wc)ELh', '2023-02-06'),
('Suzanne', 'Henry', 'suzanne.henry@example.com', 'suzannehenry636', 'Z6BkaufKE&3Z', '2023-05-24'),
('Veronica', 'Melendez', 'veronica.melendez@example.com', 'veronicamelendez646', '4Lh*6yAO*wbH', '2023-03-13'),
('William', 'Glover', 'william.glover@example.com', 'williamglover516', 'G@Jgq0ylMH#u', '2023-01-28'),
('Erica', 'Schroeder', 'erica.schroeder@example.com', 'ericaschroeder175', 'o7D(goTp^KC7', '2023-01-21'),
('Sergio', 'Miller', 'sergio.miller@example.com', 'sergiomiller233', '%PK(8)uT0U1m', '2023-06-24'),
('Sheryl', 'Price', 'sheryl.price@example.com', 'sherylprice441', 'ur0G^FLhGgq$', '2023-05-30'),
('Eric', 'Dunn', 'eric.dunn@example.com', 'ericdunn153', '_*^LOdfKtD7a', '2023-01-16'),
('Amy', 'Parks', 'amy.parks@example.com', 'amyparks102', ')b9&aaUHDpC_', '2023-02-16'),
('Joseph', 'Boyd', 'joseph.boyd@example.com', 'josephboyd861', '6QJZEKt@@0%t', '2023-05-30'),
('Jerome', 'Young', 'jerome.young@example.com', 'jeromeyoung445', 'yY2fkUass%4+', '2023-01-02'),
('Michael', 'Landry', 'michael.landry@example.com', 'michaellandry245', 'J5^o1WdfS+Xr', '2023-05-12'),
('Aaron', 'Kim', 'aaron.kim@example.com', 'aaronkim886', '!HOdVSsQ$+9^', '2023-05-28'),
('Elizabeth', 'Taylor', 'elizabeth.taylor@example.com', 'elizabethtaylor125', '6@GZ*3Kb^s9M', '2023-02-06'),
('Stacey', 'Ward', 'stacey.ward@example.com', 'staceyward962', 'UhCT!!Pt+6YP', '2023-02-13'),
('Larry', 'Lowe', 'larry.lowe@example.com', 'larrylowe857', '_2qznZMl&xlX', '2023-06-11'),
('Lisa', 'Ortega', 'lisa.ortega@example.com', 'lisaortega157', '*pG8VKhbu6Gn', '2023-01-13'),
('Mark', 'Fox', 'mark.fox@example.com', 'markfox406', '_&Bn2Y^cko_t', '2023-02-20'),
('Cheryl', 'Waters', 'cheryl.waters@example.com', 'cherylwaters471', '!xWOgBfwW9Hv', '2023-06-17'),
('Christopher', 'Burns', 'christopher.burns@example.com', 'christopherburns342', 'G+@&RxirneL9', '2023-05-29'),
('Elizabeth', 'Collins', 'elizabeth.collins@example.com', 'elizabethcollins225', 'smiwoRnh$pR9', '2023-04-25'),
('Chase', 'Mcpherson', 'chase.mcpherson@example.com', 'chasemcpherson438', '8+3eyI4)^ymV', '2023-02-12'),
('Kyle', 'Brown', 'kyle.brown@example.com', 'kylebrown782', 'yX6bG5bo2!J*', '2023-03-13'),
('Jennifer', 'Chen', 'jennifer.chen@example.com', 'jenniferchen481', 'gP7&SMKo@P0G', '2023-03-18'),
('Bryan', 'Rivera', 'bryan.rivera@example.com', 'bryanrivera617', 'Z+7Q^KUvYeNn', '2023-01-27'),
('Kim', 'Davis', 'kim.davis@example.com', 'kimdavis347', 'mFGtRurI*+8H', '2023-05-06'),
('Rodney', 'Barnes', 'rodney.barnes@example.com', 'rodneybarnes882', 'MPRX@Ri6k%9a', '2023-05-31'),
('Ronald', 'Rowland', 'ronald.rowland@example.com', 'ronaldrowland848', 'Q@Lz2FNiH+kK', '2023-03-14'),
('Javier', 'Malone', 'javier.malone@example.com', 'javiermalone922', ')gRANdl0N4C4', '2023-03-31'),
('Victoria', 'Smith', 'victoria.smith@example.com', 'victoriasmith812', '+esU#fdvx5HQ', '2023-04-22'),
('Troy', 'Simmons', 'troy.simmons@example.com', 'troysimmons347', 'g%1N0(ZGHphq', '2023-01-08'),
('Lauren', 'Alexander', 'lauren.alexander@example.com', 'laurenalexander201', '#HLmt!Fj80$K', '2023-06-12'),
('Jerry', 'Day', 'jerry.day@example.com', 'jerryday609', 'tgNzHoyZ!063', '2023-02-04'),
('Stephanie', 'Douglas', 'stephanie.douglas@example.com', 'stephaniedouglas696', '@GMWw9UZE2Ac', '2023-02-14'),
('Sarah', 'Sullivan', 'sarah.sullivan@example.com', 'sarahsullivan430', '!40RSadZ5P#o', '2023-04-18'),
('Gary', 'Quinn', 'gary.quinn@example.com', 'garyquinn762', '*PqkAMeij84G', '2023-05-18'),
('John', 'Hall', 'john.hall@example.com', 'johnhall736', '_#%JNLPmr&u1', '2023-05-18'),
('Gabriela', 'Harris', 'gabriela.harris@example.com', 'gabrielaharris304', '%(6YDjyA^hUv', '2023-04-01'),
('Craig', 'Smith', 'craig.smith@example.com', 'craigsmith934', 'aGBFS2Fc^86Q', '2023-01-02'),
('Robin', 'Smith', 'robin.smith@example.com', 'robinsmith380', 'jIbk5&nx3^sj', '2023-04-09'),
('Philip', 'Williams', 'philip.williams@example.com', 'philipwilliams576', 'F(0oeopl7H$f', '2023-01-02'),
('Joanna', 'Greene', 'joanna.greene@example.com', 'joannagreene215', 'wc47pLReq&yP', '2023-01-10'),
('Lisa', 'Bishop', 'lisa.bishop@example.com', 'lisabishop857', '_1leuQiVSeKJ', '2023-01-03'),
('Wesley', 'Robinson', 'wesley.robinson@example.com', 'wesleyrobinson328', '(80trjKh^nMZ', '2023-03-02'),
('Arthur', 'Allen', 'arthur.allen@example.com', 'arthurallen604', '2tPw!4mL7qk+', '2023-03-27'),
('Timothy', 'Harmon', 'timothy.harmon@example.com', 'timothyharmon104', ')dRg5VJw_&au', '2023-06-23');


-- Insérer des vérifications d'email pour 85 utilisateurs
INSERT INTO user_email_verification_table (user_id, verified_at) VALUES
(1, '2023-06-21'),
(2, '2023-06-10'),
(3, '2023-06-06'),
(4, '2023-06-25'),
(5, '2023-05-13'),
(6, '2023-06-22'),
(7, '2023-06-27'),
(8, '2023-05-06'),
(9, '2023-06-03'),
(10, '2023-06-06'),
(11, '2023-06-11'),
(12, '2023-06-25'),
(13, '2023-03-27'),
(14, '2023-05-17'),
(15, '2023-05-10'),
(16, '2023-05-23'),
(17, '2023-06-25'),
(18, '2023-06-27'),
(19, '2023-06-13'),
(20, '2023-05-14'),
(21, '2023-06-26'),
(22, '2023-03-20'),
(23, '2023-06-22'),
(24, '2023-05-27'),
(25, '2023-06-15'),
(26, '2023-04-28'),
(27, '2023-02-20'),
(28, '2023-04-26'),
(29, '2023-06-23'),
(30, '2023-05-27'),
(31, '2023-06-13'),
(32, '2023-06-05'),
(33, '2023-06-25'),
(34, '2023-05-07'),
(35, '2023-05-05'),
(36, '2023-06-19'),
(37, '2023-05-01'),
(38, '2023-06-06'),
(39, '2023-05-11'),
(40, '2023-06-24'),
(41, '2023-06-12'),
(42, '2023-02-24'),
(43, '2023-06-12'),
(44, '2023-05-27'),
(45, '2023-06-16'),
(46, '2023-04-07'),
(47, '2023-05-26'),
(48, '2023-06-13'),
(49, '2023-05-03'),
(50, '2023-05-06'),
(51, '2023-06-03'),
(52, '2023-06-23'),
(53, '2023-05-04'),
(54, '2023-04-03'),
(55, '2023-05-22'),
(56, '2023-05-30'),
(57, '2023-05-05'),
(58, '2023-04-26'),
(59, '2023-05-21'),
(60, '2023-06-25'),
(61, '2023-05-31'),
(62, '2023-02-18'),
(63, '2023-05-28'),
(64, '2023-06-29'),
(65, '2023-04-08'),
(66, '2023-06-05'),
(67, '2023-06-11'),
(68, '2023-02-25'),
(69, '2023-04-08'),
(70, '2023-06-26'),
(71, '2023-06-18'),
(72, '2023-05-21'),
(73, '2023-06-23'),
(74, '2023-06-09'),
(75, '2023-05-23'),
(76, '2023-03-03'),
(77, '2023-03-28'),
(78, '2023-05-22'),
(79, '2023-03-28'),
(80, '2023-06-05'),
(81, '2023-06-08'),
(82, '2023-06-23'),
(83, '2023-05-14'),
(84, '2023-06-10'),
(85, '2023-03-03');




INSERT INTO session_table (user_id, connected_at) VALUES
(8, '2023-06-02'),
(43, '2023-06-21'),
(17, '2023-06-29'),
(53, '2023-05-30'),
(35, '2023-05-24'),
(73, '2023-06-29'),
(59, '2023-06-15'),
(15, '2023-06-29'),
(14, '2023-06-18'),
(1, '2023-06-27'),
(5, '2023-05-15'),
(27, '2023-06-21'),
(51, '2023-06-10'),
(22, '2023-05-06'),
(25, '2023-06-18'),
(45, '2023-06-23'),
(41, '2023-06-24'),
(45, '2023-06-29'),
(81, '2023-06-22'),
(5, '2023-06-14'),
(70, '2023-06-27'),
(33, '2023-06-25'),
(46, '2023-04-28'),
(27, '2023-03-28'),
(31, '2023-06-14'),
(3, '2023-06-17'),
(38, '2023-06-14'),
(75, '2023-06-05'),
(23, '2023-06-25'),
(58, '2023-05-11'),
(34, '2023-06-09'),
(79, '2023-04-16'),
(55, '2023-06-26'),
(13, '2023-05-12'),
(12, '2023-06-26'),
(4, '2023-06-28'),
(52, '2023-06-25'),
(67, '2023-06-28'),
(43, '2023-06-13'),
(61, '2023-06-07'),
(70, '2023-06-29'),
(24, '2023-05-27'),
(58, '2023-05-20'),
(14, '2023-06-07'),
(28, '2023-04-30'),
(19, '2023-06-14'),
(72, '2023-05-26'),
(24, '2023-06-15'),
(51, '2023-06-11'),
(23, '2023-06-23'),
(74, '2023-06-22'),
(26, '2023-05-07'),
(33, '2023-06-28'),
(1, '2023-06-25'),
(40, '2023-06-28'),
(79, '2023-04-21'),
(60, '2023-06-29'),
(57, '2023-05-17'),
(65, '2023-05-18'),
(78, '2023-06-11'),
(31, '2023-06-16'),
(19, '2023-06-18'),
(3, '2023-06-21'),
(30, '2023-06-27'),
(49, '2023-05-12'),
(29, '2023-06-29'),
(62, '2023-02-24'),
(15, '2023-05-22'),
(19, '2023-06-17'),
(54, '2023-05-17'),
(2, '2023-06-20'),
(35, '2023-06-10'),
(11, '2023-06-20'),
(60, '2023-06-27'),
(9, '2023-06-15'),
(17, '2023-06-28'),
(62, '2023-02-27'),
(77, '2023-05-31'),
(59, '2023-06-04'),
(67, '2023-06-19'),
(21, '2023-06-28'),
(25, '2023-06-16'),
(5, '2023-05-14'),
(26, '2023-06-29'),
(35, '2023-05-30'),
(81, '2023-06-24'),
(81, '2023-06-26'),
(27, '2023-04-01'),
(49, '2023-05-28'),
(68, '2023-04-06'),
(47, '2023-06-12'),
(40, '2023-06-26'),
(3, '2023-06-25'),
(1, '2023-06-22'),
(29, '2023-06-26'),
(20, '2023-06-13'),
(29, '2023-06-29'),
(37, '2023-06-01'),
(27, '2023-04-22'),
(50, '2023-05-22'),
(15, '2023-05-16'),
(11, '2023-06-25'),
(31, '2023-06-17'),
(3, '2023-06-21'),
(15, '2023-05-29'),
(44, '2023-06-25'),
(74, '2023-06-29'),
(66, '2023-06-19'),
(3, '2023-06-29'),
(77, '2023-04-20'),
(12, '2023-06-28'),
(8, '2023-06-19'),
(85, '2023-06-08'),
(36, '2023-06-21'),
(51, '2023-06-18'),
(8, '2023-05-18'),
(82, '2023-06-29'),
(12, '2023-06-29'),
(49, '2023-05-30'),
(65, '2023-06-26'),
(52, '2023-06-26'),
(21, '2023-06-27'),
(29, '2023-06-24'),
(85, '2023-04-27'),
(27, '2023-06-21'),
(16, '2023-06-18'),
(70, '2023-06-29'),
(16, '2023-05-24'),
(67, '2023-06-26'),
(7, '2023-06-27'),
(54, '2023-05-01'),
(75, '2023-06-06'),
(64, '2023-06-29'),
(65, '2023-05-26'),
(64, '2023-06-29'),
(84, '2023-06-22'),
(70, '2023-06-29'),
(17, '2023-06-27'),
(31, '2023-06-19'),
(49, '2023-05-31'),
(72, '2023-06-06'),
(34, '2023-05-17'),
(28, '2023-06-18'),
(71, '2023-06-25'),
(80, '2023-06-16'),
(2, '2023-06-26'),
(27, '2023-05-09'),
(23, '2023-06-25'),
(16, '2023-05-28'),
(13, '2023-05-27'),
(52, '2023-06-23'),
(76, '2023-05-21'),
(39, '2023-06-05'),
(66, '2023-06-10'),
(35, '2023-05-17'),
(85, '2023-06-07'),
(26, '2023-06-04'),
(46, '2023-04-25'),
(85, '2023-04-21'),
(8, '2023-06-03'),
(13, '2023-05-09'),
(5, '2023-06-26'),
(69, '2023-06-29'),
(40, '2023-06-24'),
(67, '2023-06-14'),
(48, '2023-06-15'),
(13, '2023-04-15'),
(16, '2023-06-28'),
(35, '2023-06-28'),
(53, '2023-05-26'),
(57, '2023-06-01'),
(50, '2023-05-31'),
(76, '2023-06-29'),
(26, '2023-05-01'),
(9, '2023-06-26'),
(70, '2023-06-26'),
(73, '2023-06-23'),
(1, '2023-06-28'),
(35, '2023-06-10'),
(1, '2023-06-28'),
(69, '2023-06-27'),
(42, '2023-05-19'),
(11, '2023-06-22'),
(71, '2023-06-18'),
(23, '2023-06-27'),
(56, '2023-06-27'),
(38, '2023-06-11'),
(69, '2023-06-26'),
(25, '2023-06-18'),
(68, '2023-04-14'),
(26, '2023-05-04'),
(36, '2023-06-25'),
(20, '2023-06-09'),
(9, '2023-06-05'),
(17, '2023-06-25'),
(27, '2023-04-25'),
(40, '2023-06-26'),
(41, '2023-06-27'),
(67, '2023-06-20'),
(38, '2023-06-20'),
(7, '2023-06-29'),
(4, '2023-06-27'),
(28, '2023-05-12'),
(49, '2023-06-19'),
(50, '2023-05-22'),
(61, '2023-06-09'),
(10, '2023-06-14'),
(81, '2023-06-16'),
(59, '2023-06-02'),
(35, '2023-05-16'),
(60, '2023-06-27'),
(42, '2023-06-23'),
(40, '2023-06-24'),
(18, '2023-06-27'),
(29, '2023-06-26'),
(15, '2023-06-17'),
(43, '2023-06-22'),
(17, '2023-06-28'),
(4, '2023-06-25'),
(18, '2023-06-29'),
(5, '2023-05-14'),
(47, '2023-06-15'),
(20, '2023-06-11'),
(18, '2023-06-28'),
(67, '2023-06-22'),
(27, '2023-03-31'),
(19, '2023-06-14'),
(65, '2023-05-22'),
(58, '2023-06-14'),
(42, '2023-05-13'),
(59, '2023-05-21'),
(62, '2023-02-28'),
(43, '2023-06-23'),
(18, '2023-06-29'),
(16, '2023-06-22'),
(83, '2023-06-10'),
(66, '2023-06-10'),
(79, '2023-05-18'),
(72, '2023-06-21'),
(14, '2023-06-27'),
(32, '2023-06-27'),
(18, '2023-06-28'),
(13, '2023-06-13'),
(38, '2023-06-25'),
(79, '2023-05-08'),
(37, '2023-06-10'),
(68, '2023-03-25'),
(31, '2023-06-26'),
(54, '2023-05-30'),
(56, '2023-06-11'),
(1, '2023-06-28'),
(68, '2023-04-21'),
(24, '2023-06-25'),
(27, '2023-03-13'),
(65, '2023-06-22'),
(9, '2023-06-17'),
(60, '2023-06-26'),
(38, '2023-06-17'),
(44, '2023-06-16'),
(58, '2023-05-08'),
(33, '2023-06-25'),
(71, '2023-06-23'),
(23, '2023-06-23'),
(46, '2023-05-05'),
(19, '2023-06-13'),
(49, '2023-06-23'),
(42, '2023-06-06'),
(29, '2023-06-28'),
(13, '2023-05-28'),
(51, '2023-06-26'),
(78, '2023-06-28'),
(10, '2023-06-28'),
(15, '2023-06-20'),
(65, '2023-05-19'),
(38, '2023-06-21'),
(15, '2023-05-18'),
(60, '2023-06-29'),
(40, '2023-06-27'),
(60, '2023-06-25'),
(58, '2023-05-15'),
(72, '2023-05-21'),
(71, '2023-06-18'),
(5, '2023-05-24'),
(43, '2023-06-27'),
(43, '2023-06-12'),
(49, '2023-06-01'),
(54, '2023-05-13'),
(26, '2023-05-30'),
(65, '2023-06-17'),
(83, '2023-06-06'),
(14, '2023-06-23'),
(56, '2023-06-28'),
(76, '2023-03-25'),
(64, '2023-06-29'),
(56, '2023-06-05'),
(40, '2023-06-27'),
(78, '2023-06-27'),
(40, '2023-06-29'),
(58, '2023-06-23'),
(81, '2023-06-13'),
(24, '2023-06-29'),
(1, '2023-06-25'),
(53, '2023-06-23'),
(75, '2023-06-23'),
(10, '2023-06-18'),
(36, '2023-06-25'),
(49, '2023-06-21'),
(35, '2023-05-29'),
(56, '2023-06-02'),
(76, '2023-04-07'),
(28, '2023-05-08'),
(34, '2023-06-15'),
(66, '2023-06-16'),
(1, '2023-06-23'),
(29, '2023-06-23'),
(59, '2023-06-29'),
(51, '2023-06-09'),
(54, '2023-05-27'),
(36, '2023-06-20'),
(40, '2023-06-26'),
(39, '2023-05-11'),
(10, '2023-06-07'),
(1, '2023-06-28'),
(3, '2023-06-08'),
(3, '2023-06-11'),
(67, '2023-06-28'),
(66, '2023-06-20'),
(53, '2023-06-21'),
(67, '2023-06-29'),
(42, '2023-04-09'),
(10, '2023-06-14'),
(4, '2023-06-29'),
(76, '2023-06-20'),
(66, '2023-06-21'),
(35, '2023-05-21'),
(74, '2023-06-21'),
(37, '2023-05-30'),
(20, '2023-06-11'),
(78, '2023-06-19'),
(23, '2023-06-28'),
(82, '2023-06-28'),
(65, '2023-06-01'),
(45, '2023-06-21'),
(74, '2023-06-19'),
(10, '2023-06-09'),
(18, '2023-06-27'),
(53, '2023-06-25'),
(11, '2023-06-26'),
(23, '2023-06-29'),
(77, '2023-03-28'),
(45, '2023-06-23'),
(81, '2023-06-17'),
(27, '2023-06-03'),
(13, '2023-04-14'),
(37, '2023-06-05'),
(20, '2023-05-14'),
(68, '2023-06-12'),
(60, '2023-06-26'),
(74, '2023-06-20'),
(39, '2023-06-28'),
(38, '2023-06-23'),
(32, '2023-06-14'),
(24, '2023-06-13'),
(50, '2023-06-10'),
(53, '2023-05-10'),
(20, '2023-06-20'),
(52, '2023-06-26'),
(54, '2023-05-02'),
(34, '2023-05-19'),
(47, '2023-05-26'),
(61, '2023-06-18'),
(54, '2023-06-07'),
(17, '2023-06-26'),
(17, '2023-06-27'),
(71, '2023-06-19'),
(59, '2023-06-22'),
(29, '2023-06-27'),
(53, '2023-06-02'),
(65, '2023-06-17'),
(25, '2023-06-20'),
(72, '2023-06-04'),
(21, '2023-06-27'),
(18, '2023-06-29'),
(11, '2023-06-27'),
(68, '2023-06-19'),
(84, '2023-06-13'),
(74, '2023-06-14'),
(4, '2023-06-25'),
(55, '2023-06-24'),
(45, '2023-06-24'),
(77, '2023-06-14'),
(60, '2023-06-28'),
(81, '2023-06-29'),
(22, '2023-05-10'),
(35, '2023-05-05'),
(38, '2023-06-19'),
(62, '2023-02-20'),
(28, '2023-05-19'),
(78, '2023-06-21'),
(45, '2023-06-23'),
(40, '2023-06-28'),
(39, '2023-06-13'),
(83, '2023-06-12'),
(25, '2023-06-25'),
(49, '2023-05-06'),
(57, '2023-05-26'),
(84, '2023-06-20'),
(38, '2023-06-21'),
(70, '2023-06-26'),
(72, '2023-06-21'),
(43, '2023-06-13'),
(85, '2023-05-16'),
(2, '2023-06-12'),
(42, '2023-05-24'),
(7, '2023-06-28'),
(41, '2023-06-12'),
(72, '2023-06-05'),
(81, '2023-06-18'),
(43, '2023-06-22'),
(4, '2023-06-28'),
(1, '2023-06-25'),
(9, '2023-06-06'),
(40, '2023-06-25'),
(66, '2023-06-24'),
(70, '2023-06-29'),
(25, '2023-06-27'),
(14, '2023-06-03'),
(53, '2023-06-05'),
(83, '2023-06-28'),
(21, '2023-06-26'),
(4, '2023-06-29'),
(35, '2023-05-26'),
(10, '2023-06-09'),
(77, '2023-06-04'),
(35, '2023-05-29'),
(13, '2023-05-28'),
(21, '2023-06-27'),
(11, '2023-06-21'),
(69, '2023-06-18'),
(80, '2023-06-17'),
(11, '2023-06-29'),
(59, '2023-06-01'),
(9, '2023-06-17'),
(13, '2023-04-14'),
(47, '2023-06-29'),
(8, '2023-05-29'),
(38, '2023-06-27'),
(15, '2023-05-15'),
(11, '2023-06-13'),
(85, '2023-05-07'),
(81, '2023-06-23'),
(11, '2023-06-14'),
(75, '2023-06-23'),
(44, '2023-06-29'),
(76, '2023-04-25'),
(8, '2023-06-10'),
(17, '2023-06-29'),
(75, '2023-06-24'),
(53, '2023-06-26'),
(32, '2023-06-25'),
(34, '2023-06-08'),
(29, '2023-06-27'),
(48, '2023-06-13'),
(53, '2023-05-15'),
(12, '2023-06-28'),
(68, '2023-03-17'),
(70, '2023-06-27'),
(62, '2023-03-18'),
(70, '2023-06-27'),
(60, '2023-06-26'),
(28, '2023-05-07'),
(78, '2023-06-27'),
(23, '2023-06-26'),
(37, '2023-06-04'),
(80, '2023-06-23'),
(59, '2023-06-21'),
(16, '2023-06-21'),
(37, '2023-05-22'),
(13, '2023-04-20'),
(22, '2023-03-27'),
(25, '2023-06-15'),
(50, '2023-06-26'),
(31, '2023-06-19'),
(38, '2023-06-15'),
(17, '2023-06-26'),
(22, '2023-04-13'),
(33, '2023-06-28'),
(63, '2023-06-25'),
(25, '2023-06-27'),
(65, '2023-04-27'),
(62, '2023-03-05'),
(15, '2023-05-12'),
(30, '2023-05-27'),
(17, '2023-06-29'),
(69, '2023-04-14'),
(38, '2023-06-18'),
(22, '2023-06-18'),
(23, '2023-06-25'),
(7, '2023-06-29'),
(85, '2023-05-13'),
(75, '2023-06-13'),
(66, '2023-06-20'),
(76, '2023-03-26'),
(37, '2023-05-08'),
(2, '2023-06-15'),
(44, '2023-06-23'),
(81, '2023-06-15'),
(32, '2023-06-15'),
(20, '2023-06-24'),
(25, '2023-06-28'),
(43, '2023-06-22'),
(53, '2023-05-19'),
(55, '2023-06-06'),
(17, '2023-06-29'),
(76, '2023-03-04'),
(58, '2023-05-22'),
(73, '2023-06-24'),
(17, '2023-06-29'),
(33, '2023-06-26'),
(67, '2023-06-24'),
(47, '2023-05-28'),
(18, '2023-06-29'),
(70, '2023-06-26'),
(4, '2023-06-26'),
(9, '2023-06-28'),
(15, '2023-06-26'),
(16, '2023-06-10'),
(24, '2023-06-28'),
(10, '2023-06-24'),
(17, '2023-06-28'),
(58, '2023-05-26'),
(18, '2023-06-29'),
(85, '2023-05-14'),
(62, '2023-05-11'),
(83, '2023-06-06'),
(81, '2023-06-13'),
(85, '2023-03-12'),
(51, '2023-06-17'),
(69, '2023-05-27'),
(10, '2023-06-06'),
(15, '2023-05-27'),
(27, '2023-04-09'),
(79, '2023-05-15'),
(19, '2023-06-19'),
(3, '2023-06-22'),
(76, '2023-03-21'),
(79, '2023-05-12'),
(68, '2023-04-20'),
(71, '2023-06-24'),
(70, '2023-06-28'),
(56, '2023-06-03'),
(21, '2023-06-26'),
(69, '2023-06-17'),
(15, '2023-06-27'),
(70, '2023-06-27'),
(8, '2023-05-31'),
(8, '2023-05-11'),
(57, '2023-05-31'),
(66, '2023-06-07'),
(56, '2023-06-24'),
(51, '2023-06-10'),
(56, '2023-06-27'),
(8, '2023-06-23'),
(14, '2023-06-10'),
(85, '2023-04-22'),
(69, '2023-05-05'),
(81, '2023-06-23'),
(79, '2023-06-29'),
(64, '2023-06-29'),
(44, '2023-06-08'),
(72, '2023-05-24'),
(77, '2023-06-29'),
(31, '2023-06-27'),
(54, '2023-05-29'),
(74, '2023-06-25'),
(69, '2023-05-24'),
(64, '2023-06-29'),
(4, '2023-06-27'),
(62, '2023-03-31'),
(49, '2023-06-25'),
(61, '2023-06-24'),
(5, '2023-06-28'),
(52, '2023-06-28'),
(36, '2023-06-25'),
(82, '2023-06-28'),
(56, '2023-06-09'),
(74, '2023-06-15'),
(75, '2023-06-20'),
(3, '2023-06-08'),
(58, '2023-04-30'),
(20, '2023-05-15'),
(41, '2023-06-24'),
(59, '2023-06-20'),
(4, '2023-06-26'),
(63, '2023-06-24'),
(4, '2023-06-26'),
(85, '2023-06-13'),
(13, '2023-04-19'),
(23, '2023-06-29'),
(5, '2023-05-18'),
(71, '2023-06-20'),
(61, '2023-06-02'),
(38, '2023-06-15'),
(21, '2023-06-29'),
(38, '2023-06-06'),
(42, '2023-03-12'),
(37, '2023-05-14'),
(78, '2023-06-26'),
(24, '2023-06-29'),
(35, '2023-05-22'),
(23, '2023-06-25'),
(39, '2023-06-27'),
(59, '2023-05-29'),
(38, '2023-06-22'),
(54, '2023-06-16'),
(40, '2023-06-25'),
(80, '2023-06-09'),
(26, '2023-06-24'),
(72, '2023-06-02'),
(28, '2023-06-20'),
(85, '2023-04-19'),
(57, '2023-06-01'),
(64, '2023-06-29'),
(26, '2023-05-03'),
(48, '2023-06-25'),
(81, '2023-06-12'),
(5, '2023-05-17'),
(11, '2023-06-18'),
(8, '2023-06-06'),
(18, '2023-06-27'),
(80, '2023-06-23'),
(85, '2023-04-01'),
(41, '2023-06-20'),
(70, '2023-06-28'),
(62, '2023-03-10'),
(2, '2023-06-18'),
(15, '2023-05-15'),
(70, '2023-06-28'),
(49, '2023-06-01'),
(83, '2023-05-30'),
(36, '2023-06-20'),
(4, '2023-06-27'),
(20, '2023-05-17'),
(22, '2023-06-23'),
(84, '2023-06-27'),
(19, '2023-06-20'),
(81, '2023-06-21'),
(27, '2023-03-20'),
(28, '2023-04-30'),
(42, '2023-05-21'),
(19, '2023-06-27'),
(43, '2023-06-20'),
(57, '2023-05-18'),
(68, '2023-03-05'),
(59, '2023-06-24'),
(2, '2023-06-15'),
(60, '2023-06-29'),
(36, '2023-06-28'),
(43, '2023-06-18'),
(69, '2023-05-19'),
(29, '2023-06-23'),
(75, '2023-06-03'),
(14, '2023-06-06'),
(40, '2023-06-24'),
(78, '2023-05-22'),
(44, '2023-06-01'),
(29, '2023-06-27'),
(2, '2023-06-26'),
(41, '2023-06-21'),
(57, '2023-06-05'),
(24, '2023-05-28'),
(17, '2023-06-29'),
(85, '2023-06-07'),
(4, '2023-06-27'),
(43, '2023-06-12'),
(79, '2023-04-14'),
(44, '2023-06-10'),
(26, '2023-06-04'),
(73, '2023-06-28'),
(66, '2023-06-13'),
(63, '2023-06-03'),
(80, '2023-06-07'),
(19, '2023-06-13'),
(72, '2023-06-16'),
(44, '2023-06-04'),
(34, '2023-05-12'),
(36, '2023-06-26'),
(35, '2023-05-14'),
(85, '2023-03-08'),
(53, '2023-05-07'),
(84, '2023-06-20'),
(53, '2023-06-23'),
(61, '2023-06-22'),
(7, '2023-06-28'),
(71, '2023-06-20'),
(36, '2023-06-24'),
(24, '2023-05-28'),
(21, '2023-06-29'),
(25, '2023-06-21'),
(20, '2023-06-15'),
(33, '2023-06-27'),
(49, '2023-05-20'),
(7, '2023-06-29'),
(7, '2023-06-27'),
(2, '2023-06-26'),
(58, '2023-05-05'),
(55, '2023-05-22'),
(1, '2023-06-21'),
(24, '2023-06-13'),
(11, '2023-06-19'),
(67, '2023-06-17'),
(38, '2023-06-25'),
(52, '2023-06-28'),
(33, '2023-06-29'),
(68, '2023-04-27'),
(11, '2023-06-11'),
(32, '2023-06-15'),
(67, '2023-06-14'),
(4, '2023-06-27'),
(64, '2023-06-29'),
(18, '2023-06-29'),
(85, '2023-03-04'),
(46, '2023-05-29'),
(55, '2023-05-24'),
(5, '2023-06-10'),
(71, '2023-06-21'),
(59, '2023-06-22'),
(40, '2023-06-26'),
(55, '2023-06-19'),
(5, '2023-06-17'),
(3, '2023-06-07'),
(82, '2023-06-23'),
(24, '2023-06-11'),
(65, '2023-05-18'),
(1, '2023-06-26'),
(18, '2023-06-27'),
(39, '2023-05-11'),
(53, '2023-05-14'),
(80, '2023-06-06'),
(81, '2023-06-12'),
(60, '2023-06-27'),
(71, '2023-06-20'),
(56, '2023-06-08'),
(76, '2023-04-04'),
(75, '2023-06-23'),
(63, '2023-06-09'),
(7, '2023-06-28'),
(83, '2023-05-25'),
(61, '2023-06-08'),
(12, '2023-06-25'),
(49, '2023-05-19'),
(14, '2023-05-18'),
(72, '2023-05-30'),
(51, '2023-06-21'),
(35, '2023-06-21'),
(8, '2023-06-22'),
(4, '2023-06-27'),
(83, '2023-06-04'),
(80, '2023-06-15'),
(31, '2023-06-22'),
(54, '2023-06-22'),
(35, '2023-06-14'),
(45, '2023-06-23'),
(7, '2023-06-28'),
(85, '2023-03-19'),
(47, '2023-06-16'),
(46, '2023-05-21'),
(71, '2023-06-21'),
(10, '2023-06-10'),
(23, '2023-06-28'),
(41, '2023-06-15'),
(79, '2023-04-21'),
(63, '2023-06-23'),
(13, '2023-05-17'),
(62, '2023-04-23'),
(61, '2023-06-02'),
(73, '2023-06-24'),
(73, '2023-06-25'),
(60, '2023-06-28'),
(76, '2023-04-16'),
(78, '2023-06-12'),
(53, '2023-05-07'),
(62, '2023-06-16'),
(14, '2023-05-27'),
(29, '2023-06-23'),
(24, '2023-05-29'),
(5, '2023-06-17'),
(36, '2023-06-19'),
(38, '2023-06-24'),
(40, '2023-06-28'),
(55, '2023-06-24'),
(17, '2023-06-25'),
(17, '2023-06-28'),
(71, '2023-06-20'),
(57, '2023-06-03'),
(47, '2023-06-26'),
(56, '2023-05-30'),
(3, '2023-06-24'),
(39, '2023-06-05'),
(51, '2023-06-10'),
(20, '2023-06-10'),
(12, '2023-06-26'),
(49, '2023-06-09'),
(3, '2023-06-25'),
(29, '2023-06-29'),
(40, '2023-06-26'),
(14, '2023-05-29'),
(4, '2023-06-28'),
(57, '2023-05-11'),
(8, '2023-05-20'),
(5, '2023-06-25'),
(61, '2023-06-06'),
(70, '2023-06-27'),
(39, '2023-06-17'),
(61, '2023-06-24'),
(73, '2023-06-23'),
(33, '2023-06-25'),
(74, '2023-06-10'),
(1, '2023-06-28'),
(72, '2023-06-22'),
(75, '2023-06-13'),
(31, '2023-06-16'),
(66, '2023-06-08'),
(37, '2023-05-02'),
(57, '2023-06-21'),
(45, '2023-06-28'),
(36, '2023-06-24'),
(85, '2023-06-07'),
(16, '2023-06-29'),
(11, '2023-06-15'),
(28, '2023-06-29'),
(57, '2023-06-05'),
(2, '2023-06-25'),
(6, '2023-06-25'),
(54, '2023-06-20'),
(69, '2023-06-29'),
(9, '2023-06-24'),
(5, '2023-05-18'),
(26, '2023-06-23'),
(5, '2023-05-23'),
(46, '2023-05-25'),
(60, '2023-06-28'),
(33, '2023-06-28'),
(14, '2023-06-17'),
(85, '2023-06-24'),
(74, '2023-06-28'),
(80, '2023-06-10'),
(18, '2023-06-27'),
(65, '2023-05-31'),
(75, '2023-06-14'),
(78, '2023-06-16'),
(33, '2023-06-29'),
(13, '2023-04-15'),
(44, '2023-06-18'),
(75, '2023-06-15'),
(20, '2023-06-19'),
(48, '2023-06-25'),
(50, '2023-05-27'),
(3, '2023-06-11'),
(14, '2023-06-17'),
(47, '2023-05-31'),
(82, '2023-06-27'),
(57, '2023-06-27'),
(63, '2023-05-30'),
(62, '2023-04-07'),
(68, '2023-05-10'),
(25, '2023-06-21'),
(40, '2023-06-24'),
(58, '2023-04-26'),
(34, '2023-06-01'),
(78, '2023-05-26'),
(6, '2023-06-26'),
(31, '2023-06-16'),
(28, '2023-05-11'),
(2, '2023-06-23'),
(69, '2023-04-20'),
(48, '2023-06-20'),
(15, '2023-06-20'),
(4, '2023-06-26'),
(49, '2023-06-20'),
(78, '2023-06-26'),
(66, '2023-06-25'),
(25, '2023-06-22'),
(83, '2023-06-28'),
(67, '2023-06-19'),
(51, '2023-06-28'),
(37, '2023-05-08'),
(74, '2023-06-28'),
(72, '2023-06-22'),
(4, '2023-06-26'),
(12, '2023-06-29'),
(49, '2023-06-12'),
(41, '2023-06-17'),
(47, '2023-05-26'),
(61, '2023-06-09'),
(66, '2023-06-26'),
(18, '2023-06-27'),
(68, '2023-04-08'),
(23, '2023-06-29'),
(20, '2023-05-26'),
(80, '2023-06-22'),
(64, '2023-06-29'),
(16, '2023-06-19'),
(84, '2023-06-29'),
(47, '2023-06-01'),
(14, '2023-06-22'),
(21, '2023-06-27'),
(12, '2023-06-29'),
(20, '2023-06-27'),
(36, '2023-06-25'),
(19, '2023-06-25'),
(50, '2023-06-11'),
(29, '2023-06-27'),
(43, '2023-06-19'),
(55, '2023-06-04'),
(60, '2023-06-29'),
(11, '2023-06-22'),
(28, '2023-04-30'),
(42, '2023-03-10'),
(37, '2023-05-25'),
(73, '2023-06-23'),
(71, '2023-06-27'),
(23, '2023-06-28'),
(74, '2023-06-11'),
(53, '2023-06-12'),
(50, '2023-05-09'),
(25, '2023-06-29'),
(14, '2023-05-20'),
(78, '2023-06-14'),
(15, '2023-06-19'),
(31, '2023-06-20'),
(28, '2023-06-21'),
(52, '2023-06-23'),
(47, '2023-06-08'),
(49, '2023-05-09'),
(62, '2023-04-21'),
(83, '2023-05-28'),
(38, '2023-06-12'),
(71, '2023-06-18'),
(73, '2023-06-29'),
(57, '2023-06-11'),
(47, '2023-05-31'),
(54, '2023-05-01'),
(9, '2023-06-22'),
(53, '2023-05-15'),
(40, '2023-06-24'),
(71, '2023-06-29'),
(41, '2023-06-12'),
(83, '2023-06-01'),
(40, '2023-06-29'),
(53, '2023-06-26'),
(7, '2023-06-29'),
(5, '2023-05-17'),
(28, '2023-06-27'),
(13, '2023-04-04'),
(16, '2023-06-23'),
(15, '2023-06-12'),
(31, '2023-06-16'),
(22, '2023-05-30'),
(78, '2023-05-29'),
(46, '2023-06-10'),
(58, '2023-05-14'),
(4, '2023-06-25'),
(18, '2023-06-29'),
(75, '2023-05-25'),
(85, '2023-04-06'),
(51, '2023-06-13'),
(11, '2023-06-23'),
(35, '2023-06-16'),
(66, '2023-06-20'),
(84, '2023-06-29'),
(64, '2023-06-29'),
(49, '2023-06-23'),
(29, '2023-06-25'),
(48, '2023-06-18'),
(64, '2023-06-29'),
(69, '2023-06-10'),
(78, '2023-05-24'),
(17, '2023-06-25'),
(24, '2023-06-18'),
(52, '2023-06-27'),
(46, '2023-05-30'),
(48, '2023-06-14'),
(29, '2023-06-28'),
(12, '2023-06-28'),
(75, '2023-06-17'),
(74, '2023-06-18'),
(3, '2023-06-23'),
(58, '2023-06-15'),
(71, '2023-06-26'),
(76, '2023-04-24'),
(49, '2023-06-03'),
(28, '2023-06-14'),
(39, '2023-06-11'),
(45, '2023-06-24'),
(42, '2023-06-15'),
(16, '2023-06-01'),
(81, '2023-06-13'),
(48, '2023-06-14'),
(56, '2023-06-24');

