-- Insérer des utilisateurs dans user_table
INSERT INTO user_table (firstname, lastname, email, username, password, created_at) VALUES
('James', 'Sherman', 'james.sherman@example.com', 'jamessherman445', '^Wt3njTo^G8J', '2023-02-07'),
('John', 'Anderson', 'john.anderson@example.com', 'johnanderson691', '46q*vdcTEW7W', '2023-03-29'),
('Janice', 'Powers', 'janice.powers@example.com', 'janicepowers470', '_YG1!c7A*C6v', '2023-04-09'),
('Lindsey', 'Newton', 'lindsey.newton@example.com', 'lindseynewton781', 'TcV3&wBj$6m0', '2023-03-26'),
('Jeffrey', 'Martinez', 'jeffrey.martinez@example.com', 'jeffreymartinez567', 'lbx(39ZlHov&', '2023-05-30'),
('Rhonda', 'Martinez', 'rhonda.martinez@example.com', 'rhondamartinez476', 'eO*U2O2na37!', '2023-03-27'),
('Karina', 'Owens', 'karina.owens@example.com', 'karinaowens648', '@P4Dq&VkU$2!', '2023-05-05'),
('Perry', 'Rivera', 'perry.rivera@example.com', 'perryrivera788', '%RY_HrUj3K+5', '2023-02-02'),
('Allen', 'Anderson', 'allen.anderson@example.com', 'allenanderson411', 'cLGrHroc(3iH', '2023-06-04'),
('Ashley', 'Miller', 'ashley.miller@example.com', 'ashleymiller927', '*h6U^w7kQ0nx', '2023-05-03'),
('Tina', 'Moore', 'tina.moore@example.com', 'tinamoore560', '$6H736MYkqzN', '2023-02-28'),
('Kevin', 'Hernandez', 'kevin.hernandez@example.com', 'kevinhernandez778', '_0ie3ipTP1S)', '2023-03-24'),
('Robert', 'Perez', 'robert.perez@example.com', 'robertperez704', '6p2^$$jhC2oD', '2023-06-16'),
('Brandon', 'Stokes', 'brandon.stokes@example.com', 'brandonstokes287', '$vSSzzru1MBv', '2023-04-23'),
('Kevin', 'Rivera', 'kevin.rivera@example.com', 'kevinrivera766', '_hOR3tPFpvq6', '2023-03-20'),
('Wendy', 'Taylor', 'wendy.taylor@example.com', 'wendytaylor373', 'mrNxT6NK(0&H', '2023-06-22'),
('Christopher', 'Johnson', 'christopher.johnson@example.com', 'christopherjohnson497', '!2@4%PGl3*5L', '2023-04-20'),
('Steven', 'Freeman', 'steven.freeman@example.com', 'stevenfreeman675', '3iQ0V3km#Jvp', '2023-05-02'),
('Catherine', 'Walker', 'catherine.walker@example.com', 'catherinewalker171', 'Fs(6$LqT!N6W', '2023-01-26'),
('Stephen', 'Smith', 'stephen.smith@example.com', 'stephensmith744', '#AtKmFWcA6ie', '2023-06-18'),
('Joanna', 'Velasquez', 'joanna.velasquez@example.com', 'joannavelasquez943', 'llKK+H#D&9Z)', '2023-02-08'),
('Jason', 'Patterson', 'jason.patterson@example.com', 'jasonpatterson739', 'Py4AaO1H!t#7', '2023-06-08'),
('Lisa', 'Williams', 'lisa.williams@example.com', 'lisawilliams954', '^C!k&1InP92^', '2023-01-20'),
('James', 'Mckinney', 'james.mckinney@example.com', 'jamesmckinney584', 'q3KwDnO%)5_^', '2023-04-06'),
('Tanya', 'Jones', 'tanya.jones@example.com', 'tanyajones209', '&I#TgupcOw3$', '2023-01-17'),
('Mark', 'Wagner', 'mark.wagner@example.com', 'markwagner543', 'W#2onSWx1lO2', '2023-01-13'),
('Manuel', 'Torres', 'manuel.torres@example.com', 'manueltorres391', 'hb1Cww+WD@c!', '2023-01-19'),
('Mark', 'Wiggins', 'mark.wiggins@example.com', 'markwiggins508', 'x^tX2&CtGnMl', '2023-03-13'),
('Becky', 'Kennedy', 'becky.kennedy@example.com', 'beckykennedy531', '$658EBzzTIXs', '2023-06-23'),
('Michael', 'Simpson', 'michael.simpson@example.com', 'michaelsimpson833', 'pfZ0ZIcr))!*', '2023-01-21'),
('Steven', 'Vargas', 'steven.vargas@example.com', 'stevenvargas430', 'H&8W!!cr_DGl', '2023-03-07'),
('Kyle', 'Taylor', 'kyle.taylor@example.com', 'kyletaylor951', '#9_LRXyHvgug', '2023-05-15'),
('Robert', 'Sims', 'robert.sims@example.com', 'robertsims865', '@A%bYQzy#Z+2', '2023-03-13'),
('Scott', 'Morgan', 'scott.morgan@example.com', 'scottmorgan487', 'hX$nc+NkLd)6', '2023-04-19'),
('Robert', 'Roberts', 'robert.roberts@example.com', 'robertroberts523', '1nzPD5rp%35*', '2023-05-06'),
('Rebecca', 'Grant', 'rebecca.grant@example.com', 'rebeccagrant585', 'z&CR6BNo2GeN', '2023-06-02'),
('Sean', 'Rodriguez', 'sean.rodriguez@example.com', 'seanrodriguez998', '#21bJbzVDbMQ', '2023-04-21'),
('Lori', 'Shaw', 'lori.shaw@example.com', 'lorishaw181', 'KL0kYQzn+)W#', '2023-01-17'),
('Kevin', 'Cabrera', 'kevin.cabrera@example.com', 'kevincabrera162', 'f*w!sPmAFq4B', '2023-02-16'),
('Mark', 'Morales', 'mark.morales@example.com', 'markmorales572', '_4)6HNr&dUy1', '2023-03-09'),
('Priscilla', 'Hughes', 'priscilla.hughes@example.com', 'priscillahughes134', '&)5DqUaW&9pK', '2023-06-27'),
('Robin', 'Morgan', 'robin.morgan@example.com', 'robinmorgan311', 'V#yk0RJuJ*h_', '2023-06-17'),
('Nicole', 'Little', 'nicole.little@example.com', 'nicolelittle932', '^1nGe7IOjaEv', '2023-04-22'),
('Andrew', 'Howard', 'andrew.howard@example.com', 'andrewhoward870', 'lJ5OTqrq%)2k', '2023-06-17'),
('Gregory', 'Donovan', 'gregory.donovan@example.com', 'gregorydonovan976', 'vPu2FPmNf+!O', '2023-01-02'),
('Juan', 'Lawrence', 'juan.lawrence@example.com', 'juanlawrence313', '*A4Y0O7zptPg', '2023-02-22'),
('Amanda', 'Webb', 'amanda.webb@example.com', 'amandawebb494', ')5+XHTiuG5!2', '2023-06-17'),
('Kenneth', 'Shepard', 'kenneth.shepard@example.com', 'kennethshepard447', '$jV(o_pj6nEW', '2023-01-12'),
('Paige', 'White', 'paige.white@example.com', 'paigewhite696', '^7*Z9!HsM6Wy', '2023-03-15'),
('Michael', 'Gardner', 'michael.gardner@example.com', 'michaelgardner192', 'E4Nx4GspBW_&', '2023-06-10'),
('Jennifer', 'Lawson', 'jennifer.lawson@example.com', 'jenniferlawson500', '@#AY%AkWxx43', '2023-03-06'),
('Jeremy', 'Carter', 'jeremy.carter@example.com', 'jeremycarter293', '7@@ACoebys5X', '2023-03-13'),
('Thomas', 'Norman', 'thomas.norman@example.com', 'thomasnorman146', 't6jChIiz%BLC', '2023-01-26'),
('Andrea', 'Barker', 'andrea.barker@example.com', 'andreabarker972', '6^%VBElm)2OM', '2023-06-10'),
('Matthew', 'Ward', 'matthew.ward@example.com', 'matthewward730', 'Eo0aRyXe#dz7', '2023-06-06'),
('Derrick', 'Barnes', 'derrick.barnes@example.com', 'derrickbarnes922', 'z7ZVB!lqV@9g', '2023-06-19'),
('Kayla', 'Nicholson', 'kayla.nicholson@example.com', 'kaylanicholson802', '@#96G_Yt(HTy', '2023-03-03'),
('Melissa', 'Edwards', 'melissa.edwards@example.com', 'melissaedwards333', '^b0Ed*BVnW6Z', '2023-03-16'),
('Erin', 'Mcclain', 'erin.mcclain@example.com', 'erinmcclain490', 'k2)EfQ%k$@7Y', '2023-02-06'),
('Jacob', 'King', 'jacob.king@example.com', 'jacobking141', 'yPMxujDo*Y5w', '2023-03-07'),
('Joshua', 'Johnson', 'joshua.johnson@example.com', 'joshuajohnson540', 'ouP$7GxxT#H0', '2023-03-19'),
('Amanda', 'Davis', 'amanda.davis@example.com', 'amandadavis443', '!%l0JIe%@$)r', '2023-02-04'),
('Lisa', 'Perry', 'lisa.perry@example.com', 'lisaperry199', '9*7EofUqp^fU', '2023-01-14'),
('Tammie', 'Phillips', 'tammie.phillips@example.com', 'tammiephillips951', 'TGp7bBIp!Eq$', '2023-01-02'),
('Amanda', 'Gonzalez', 'amanda.gonzalez@example.com', 'amandagonzalez710', 'I0f&OHSy)2ut', '2023-03-27'),
('Joseph', 'Clark', 'joseph.clark@example.com', 'josephclark855', 'ND#x0B*i%ONX', '2023-06-26'),
('Christopher', 'Martinez', 'christopher.martinez@example.com', 'christophermartinez320', 'daIl1O4sJ()K', '2023-01-09'),
('Austin', 'Thompson', 'austin.thompson@example.com', 'austinthompson888', 'S#1D$ZUtRs4v', '2023-05-18'),
('Kelly', 'Proctor', 'kelly.proctor@example.com', 'kellyproctor335', 'U$vbf1XmUL8E', '2023-03-01'),
('Shane', 'Green', 'shane.green@example.com', 'shanegreen649', '_9sF8Jkby5Z$', '2023-05-26'),
('Ryan', 'Morales', 'ryan.morales@example.com', 'ryanmorales367', 'if)M&aulq!8v', '2023-03-24'),
('Alexis', 'Jones', 'alexis.jones@example.com', 'alexisjones391', '%6p50BVft$Q2', '2023-05-16'),
('Melissa', 'Myers', 'melissa.myers@example.com', 'melissamyers279', '(1PbdxIh!yuA', '2023-03-03'),
('Grant', 'Stephens', 'grant.stephens@example.com', 'grantstephens964', 'kHI&DvTx0T(3', '2023-02-06'),
('Martin', 'Gross', 'martin.gross@example.com', 'martingross813', 'D0c!UBDdpUBU', '2023-03-18'),
('Amanda', 'Freeman', 'amanda.freeman@example.com', 'amandafreeman766', 'IJ0@8Yy@S+AX', '2023-05-30'),
('Donna', 'Montgomery', 'donna.montgomery@example.com', 'donnamontgomery720', 'qA9)tQJgR6nD', '2023-01-15'),
('Michael', 'Wright', 'michael.wright@example.com', 'michaelwright657', 'k0H0ccyd@qTX', '2023-02-06'),
('Rhonda', 'Lawrence', 'rhonda.lawrence@example.com', 'rhondalawrence555', 'yS*BKX7x$cE6', '2023-05-11'),
('Michael', 'Williams', 'michael.williams@example.com', 'michaelwilliams135', 'b(S7XxhY*c(D', '2023-01-23'),
('Mark', 'Terry', 'mark.terry@example.com', 'markterry439', '9YZxHTytPu0&', '2023-05-03'),
('William', 'Velasquez', 'william.velasquez@example.com', 'williamvelasquez379', '(5AjJsxSvGpE', '2023-06-11'),
('Joseph', 'Miller', 'joseph.miller@example.com', 'josephmiller411', '*ZD7tzZ)4X0P', '2023-06-28'),
('Brittany', 'Green', 'brittany.green@example.com', 'brittanygreen285', '$$WMyqhM7IPJ', '2023-02-26'),
('Manuel', 'Smith', 'manuel.smith@example.com', 'manuelsmith279', ')*F64Ln5N$Gv', '2023-04-16'),
('Rhonda', 'White', 'rhonda.white@example.com', 'rhondawhite538', 'JX9cP7twr(dT', '2023-01-23'),
('Andrea', 'Sanders', 'andrea.sanders@example.com', 'andreasanders886', 'i%3oHlktLINc', '2023-03-26'),
('Joseph', 'Montgomery', 'joseph.montgomery@example.com', 'josephmontgomery259', 'YT3GwaV2!%3x', '2023-03-30'),
('Kevin', 'Bishop', 'kevin.bishop@example.com', 'kevinbishop213', '+5ll4UtRPl@s', '2023-04-08'),
('David', 'Torres', 'david.torres@example.com', 'davidtorres656', 'gyw%#4VnhzdO', '2023-06-05'),
('Anna', 'Sharp', 'anna.sharp@example.com', 'annasharp403', '369#Js+J5K1V', '2023-01-26'),
('Ralph', 'Rocha', 'ralph.rocha@example.com', 'ralphrocha965', '*J91PgwxL@_W', '2023-02-26'),
('Nancy', 'Hernandez', 'nancy.hernandez@example.com', 'nancyhernandez389', 'Cn3trUP4P)j0', '2023-04-23'),
('Charles', 'Garza', 'charles.garza@example.com', 'charlesgarza433', 'I6X1W0g5&$9Z', '2023-02-08'),
('James', 'Lopez', 'james.lopez@example.com', 'jameslopez979', 'c!@er^i*^_1V', '2023-03-26'),
('Michele', 'Hernandez', 'michele.hernandez@example.com', 'michelehernandez822', '#*Z^rDJvs5gU', '2023-01-19'),
('Sharon', 'Cox', 'sharon.cox@example.com', 'sharoncox680', '1_WDFYXg%03l', '2023-03-20'),
('Ebony', 'Cain', 'ebony.cain@example.com', 'ebonycain681', 'icm3Il@GVF)P', '2023-02-20'),
('Holly', 'Powell', 'holly.powell@example.com', 'hollypowell875', '#3ZMgtP!w8#e', '2023-04-03'),
('Randall', 'Nelson', 'randall.nelson@example.com', 'randallnelson905', '&0echOgXmXEA', '2023-05-18');

-- Insérer des vérifications d'email pour 85 utilisateurs
INSERT INTO user_email_verification (user_id, verified_at) VALUES
(1, '2023-02-23'),
(2, '2023-04-09'),
(3, '2023-05-03'),
(4, '2023-05-21'),
(5, '2023-06-16'),
(6, '2023-04-03'),
(7, '2023-06-16'),
(8, '2023-06-09'),
(9, '2023-06-14'),
(10, '2023-05-25'),
(11, '2023-04-28'),
(12, '2023-05-16'),
(13, '2023-06-20'),
(14, '2023-04-24'),
(15, '2023-04-16'),
(16, '2023-06-24'),
(17, '2023-06-12'),
(18, '2023-05-28'),
(19, '2023-03-20'),
(20, '2023-06-18'),
(21, '2023-05-23'),
(22, '2023-06-28'),
(23, '2023-03-20'),
(24, '2023-05-07'),
(25, '2023-04-11'),
(26, '2023-03-08'),
(27, '2023-06-01'),
(28, '2023-06-09'),
(29, '2023-06-25'),
(30, '2023-04-25'),
(31, '2023-03-23'),
(32, '2023-06-16'),
(33, '2023-05-01'),
(34, '2023-05-08'),
(35, '2023-06-29'),
(36, '2023-06-13'),
(37, '2023-05-03'),
(38, '2023-03-18'),
(39, '2023-05-21'),
(40, '2023-05-21'),
(41, '2023-06-27'),
(42, '2023-06-23'),
(43, '2023-06-12'),
(44, '2023-06-18'),
(45, '2023-06-26'),
(46, '2023-05-24'),
(47, '2023-06-19'),
(48, '2023-06-03'),
(49, '2023-04-29'),
(50, '2023-06-20'),
(51, '2023-06-07'),
(52, '2023-06-11'),
(53, '2023-02-02'),
(54, '2023-06-19'),
(55, '2023-06-28'),
(56, '2023-06-24'),
(57, '2023-03-11'),
(58, '2023-04-30'),
(59, '2023-03-30'),
(60, '2023-03-28'),
(61, '2023-06-08'),
(62, '2023-02-21'),
(63, '2023-05-02'),
(64, '2023-05-10'),
(65, '2023-06-28'),
(66, '2023-06-29'),
(67, '2023-03-04'),
(68, '2023-05-19'),
(69, '2023-03-06'),
(70, '2023-06-23'),
(71, '2023-04-07'),
(72, '2023-06-21'),
(73, '2023-03-15'),
(74, '2023-04-04'),
(75, '2023-06-01'),
(76, '2023-06-07'),
(77, '2023-03-30'),
(78, '2023-05-14'),
(79, '2023-05-25'),
(80, '2023-06-07'),
(81, '2023-05-23'),
(82, '2023-06-21'),
(83, '2023-06-29'),
(84, '2023-02-26'),
(85, '2023-06-11');



INSERT INTO session_table (user_id, connected_at) VALUES
(80, '2023-06-13'),
(61, '2023-06-12'),
(63, '2023-05-03'),
(38, '2023-04-26'),
(39, '2023-06-20'),
(19, '2023-04-24'),
(18, '2023-05-29'),
(42, '2023-06-24'),
(66, '2023-06-29'),
(98, '2023-05-01'),
(89, '2023-04-16'),
(62, '2023-05-17'),
(81, '2023-05-27'),
(15, '2023-06-04'),
(86, '2023-02-10'),
(16, '2023-06-29'),
(3, '2023-06-02'),
(27, '2023-06-11'),
(78, '2023-05-23'),
(40, '2023-06-26'),
(100, '2023-05-26'),
(66, '2023-06-29'),
(21, '2023-06-06'),
(22, '2023-06-29'),
(90, '2023-06-20'),
(33, '2023-05-08'),
(39, '2023-05-25'),
(81, '2023-06-16'),
(98, '2023-06-11'),
(80, '2023-06-24'),
(92, '2023-05-30'),
(91, '2023-03-07'),
(61, '2023-06-27'),
(58, '2023-06-26'),
(91, '2023-04-29'),
(96, '2023-03-15'),
(54, '2023-06-22'),
(91, '2023-02-18'),
(42, '2023-06-26'),
(16, '2023-06-25'),
(6, '2023-05-08'),
(12, '2023-06-23'),
(29, '2023-06-25'),
(59, '2023-04-19'),
(49, '2023-05-03'),
(2, '2023-06-16'),
(26, '2023-04-26'),
(54, '2023-06-25'),
(74, '2023-06-28'),
(72, '2023-06-23'),
(84, '2023-05-15'),
(35, '2023-06-29'),
(92, '2023-06-13'),
(22, '2023-06-28'),
(3, '2023-05-10'),
(73, '2023-06-29'),
(42, '2023-06-24'),
(20, '2023-06-20'),
(37, '2023-05-04'),
(83, '2023-06-29'),
(95, '2023-05-26'),
(97, '2023-05-14'),
(94, '2023-04-22'),
(54, '2023-06-29'),
(92, '2023-05-23'),
(14, '2023-05-09'),
(4, '2023-05-24'),
(54, '2023-06-29'),
(62, '2023-05-29'),
(93, '2023-06-24'),
(10, '2023-06-25'),
(100, '2023-06-02'),
(69, '2023-04-25'),
(42, '2023-06-26'),
(58, '2023-06-16'),
(80, '2023-06-07'),
(39, '2023-05-28'),
(29, '2023-06-28'),
(73, '2023-04-30'),
(73, '2023-04-28'),
(16, '2023-06-27'),
(42, '2023-06-23'),
(91, '2023-02-25'),
(39, '2023-06-22'),
(87, '2023-04-18'),
(80, '2023-06-25'),
(7, '2023-06-22'),
(1, '2023-04-07'),
(57, '2023-03-26'),
(12, '2023-05-29'),
(52, '2023-06-21'),
(50, '2023-06-27'),
(44, '2023-06-20'),
(26, '2023-06-24'),
(30, '2023-05-13'),
(24, '2023-05-10'),
(38, '2023-06-24'),
(65, '2023-06-28'),
(3, '2023-05-07'),
(26, '2023-06-10'),
(52, '2023-06-18'),
(10, '2023-06-15'),
(41, '2023-06-28'),
(96, '2023-02-08'),
(45, '2023-06-28'),
(50, '2023-06-24'),
(37, '2023-06-03'),
(87, '2023-05-06'),
(23, '2023-05-06'),
(36, '2023-06-16'),
(14, '2023-06-04'),
(71, '2023-05-08'),
(15, '2023-06-06'),
(44, '2023-06-26'),
(81, '2023-06-03'),
(50, '2023-06-23'),
(27, '2023-06-26'),
(25, '2023-06-12'),
(28, '2023-06-13'),
(24, '2023-06-04'),
(3, '2023-06-23'),
(81, '2023-06-23'),
(16, '2023-06-25'),
(34, '2023-05-28'),
(13, '2023-06-20'),
(68, '2023-05-22'),
(94, '2023-05-17'),
(59, '2023-06-24'),
(9, '2023-06-20'),
(64, '2023-06-21'),
(61, '2023-06-17'),
(40, '2023-06-05'),
(68, '2023-06-29'),
(21, '2023-06-21'),
(65, '2023-06-28'),
(6, '2023-06-24'),
(8, '2023-06-27'),
(88, '2023-06-06'),
(49, '2023-05-18'),
(10, '2023-06-11'),
(99, '2023-04-18'),
(46, '2023-06-08'),
(20, '2023-06-25'),
(4, '2023-06-21'),
(22, '2023-06-29'),
(22, '2023-06-28'),
(29, '2023-06-29'),
(5, '2023-06-27'),
(67, '2023-05-30'),
(56, '2023-06-27'),
(91, '2023-03-21'),
(93, '2023-05-03'),
(62, '2023-04-13'),
(13, '2023-06-25'),
(98, '2023-04-04'),
(66, '2023-06-29'),
(78, '2023-05-31'),
(82, '2023-06-28'),
(11, '2023-06-04'),
(100, '2023-06-26'),
(14, '2023-06-08'),
(58, '2023-06-18'),
(66, '2023-06-29'),
(42, '2023-06-28'),
(45, '2023-06-28'),
(63, '2023-05-29'),
(28, '2023-06-14'),
(14, '2023-05-23'),
(35, '2023-06-29'),
(67, '2023-03-18'),
(29, '2023-06-27'),
(79, '2023-06-15'),
(27, '2023-06-22'),
(64, '2023-06-26'),
(47, '2023-06-19'),
(54, '2023-06-23'),
(72, '2023-06-29'),
(2, '2023-04-21'),
(81, '2023-06-26'),
(11, '2023-06-22'),
(12, '2023-06-08'),
(57, '2023-03-29'),
(97, '2023-05-02'),
(59, '2023-04-25'),
(46, '2023-06-07'),
(42, '2023-06-28'),
(1, '2023-04-22'),
(97, '2023-03-29'),
(2, '2023-06-10'),
(53, '2023-05-24'),
(1, '2023-04-07'),
(16, '2023-06-27'),
(65, '2023-06-29'),
(61, '2023-06-13'),
(52, '2023-06-12'),
(18, '2023-06-17'),
(39, '2023-06-23'),
(73, '2023-06-29'),
(3, '2023-06-28'),
(74, '2023-06-19'),
(85, '2023-06-14'),
(9, '2023-06-20'),
(61, '2023-06-26'),
(95, '2023-05-24'),
(91, '2023-06-28'),
(78, '2023-06-05'),
(34, '2023-06-04'),
(77, '2023-04-11'),
(12, '2023-06-18'),
(77, '2023-03-30'),
(20, '2023-06-23'),
(7, '2023-06-17'),
(58, '2023-06-28'),
(78, '2023-05-24'),
(73, '2023-06-12'),
(30, '2023-04-25'),
(33, '2023-05-24'),
(39, '2023-06-19'),
(64, '2023-05-11'),
(55, '2023-06-29'),
(63, '2023-06-24'),
(45, '2023-06-29'),
(99, '2023-06-25'),
(30, '2023-06-13'),
(33, '2023-06-19'),
(81, '2023-05-25'),
(36, '2023-06-24'),
(16, '2023-06-25'),
(41, '2023-06-28'),
(28, '2023-06-19'),
(61, '2023-06-16'),
(10, '2023-06-07'),
(81, '2023-06-17'),
(41, '2023-06-27'),
(45, '2023-06-29'),
(100, '2023-06-06'),
(43, '2023-06-12'),
(64, '2023-05-25'),
(58, '2023-06-16'),
(46, '2023-06-28'),
(65, '2023-06-28'),
(5, '2023-06-17'),
(20, '2023-06-18'),
(79, '2023-06-23'),
(36, '2023-06-19'),
(63, '2023-05-09'),
(57, '2023-05-19'),
(7, '2023-06-28'),
(74, '2023-04-12'),
(64, '2023-06-14'),
(45, '2023-06-26'),
(51, '2023-06-11'),
(100, '2023-05-30'),
(86, '2023-02-05'),
(46, '2023-05-31'),
(23, '2023-03-20'),
(85, '2023-06-26'),
(60, '2023-04-10'),
(83, '2023-06-29'),
(83, '2023-06-29'),
(57, '2023-03-18'),
(12, '2023-05-20'),
(94, '2023-06-29'),
(72, '2023-06-26'),
(4, '2023-05-26'),
(41, '2023-06-29'),
(72, '2023-06-21'),
(27, '2023-06-04'),
(43, '2023-06-24'),
(82, '2023-06-27'),
(66, '2023-06-29'),
(97, '2023-05-04'),
(3, '2023-06-01'),
(61, '2023-06-24'),
(64, '2023-06-29'),
(64, '2023-06-17'),
(62, '2023-03-09'),
(31, '2023-05-08'),
(40, '2023-05-23'),
(98, '2023-05-28'),
(16, '2023-06-27'),
(96, '2023-06-29'),
(65, '2023-06-28'),
(57, '2023-03-30'),
(55, '2023-06-28'),
(41, '2023-06-29'),
(100, '2023-06-02'),
(44, '2023-06-26'),
(65, '2023-06-28'),
(43, '2023-06-28'),
(70, '2023-06-27'),
(82, '2023-06-29'),
(24, '2023-06-10'),
(83, '2023-06-29'),
(70, '2023-06-25'),
(98, '2023-03-13'),
(12, '2023-06-14'),
(75, '2023-06-14'),
(49, '2023-04-30'),
(92, '2023-03-31'),
(72, '2023-06-23'),
(66, '2023-06-29'),
(40, '2023-06-01'),
(30, '2023-06-02'),
(75, '2023-06-26'),
(91, '2023-04-22'),
(24, '2023-06-09'),
(94, '2023-06-05'),
(98, '2023-05-17'),
(31, '2023-04-07'),
(51, '2023-06-23'),
(80, '2023-06-28'),
(74, '2023-06-11'),
(71, '2023-05-18'),
(9, '2023-06-18'),
(68, '2023-06-03'),
(31, '2023-06-15'),
(23, '2023-03-25'),
(58, '2023-05-11'),
(100, '2023-05-30'),
(8, '2023-06-18'),
(58, '2023-05-31'),
(29, '2023-06-29'),
(67, '2023-04-24'),
(27, '2023-06-25'),
(1, '2023-06-18'),
(3, '2023-05-13'),
(77, '2023-04-14'),
(35, '2023-06-29'),
(38, '2023-03-18'),
(68, '2023-06-09'),
(32, '2023-06-20'),
(78, '2023-06-29'),
(23, '2023-05-26'),
(25, '2023-04-30'),
(65, '2023-06-29'),
(91, '2023-02-19'),
(93, '2023-06-28'),
(29, '2023-06-25'),
(91, '2023-04-29'),
(25, '2023-04-12'),
(91, '2023-03-15'),
(93, '2023-06-07'),
(8, '2023-06-09'),
(83, '2023-06-29'),
(27, '2023-06-26'),
(51, '2023-06-25'),
(60, '2023-04-14'),
(80, '2023-06-14'),
(69, '2023-06-24'),
(73, '2023-06-28'),
(54, '2023-06-28'),
(70, '2023-06-25'),
(74, '2023-04-23'),
(1, '2023-04-17'),
(66, '2023-06-29'),
(36, '2023-06-27'),
(39, '2023-05-29'),
(9, '2023-06-28'),
(70, '2023-06-27'),
(64, '2023-05-12'),
(20, '2023-06-24'),
(56, '2023-06-25'),
(47, '2023-06-28'),
(77, '2023-05-19'),
(12, '2023-06-25'),
(34, '2023-06-21'),
(88, '2023-06-06'),
(50, '2023-06-20'),
(28, '2023-06-26'),
(87, '2023-04-30'),
(7, '2023-06-26'),
(73, '2023-06-07'),
(45, '2023-06-28'),
(17, '2023-06-19'),
(14, '2023-06-15'),
(59, '2023-05-19'),
(26, '2023-05-01'),
(73, '2023-04-14'),
(4, '2023-06-23'),
(51, '2023-06-27'),
(30, '2023-05-09'),
(46, '2023-06-07'),
(41, '2023-06-27'),
(42, '2023-06-29'),
(78, '2023-06-20'),
(49, '2023-06-21'),
(57, '2023-03-17'),
(55, '2023-06-28'),
(40, '2023-06-17'),
(92, '2023-03-15'),
(69, '2023-06-13'),
(2, '2023-04-19'),
(60, '2023-03-30'),
(2, '2023-04-11'),
(6, '2023-04-10'),
(100, '2023-06-03'),
(40, '2023-06-19'),
(99, '2023-04-23'),
(37, '2023-05-22'),
(26, '2023-06-07'),
(62, '2023-04-23'),
(39, '2023-06-28'),
(58, '2023-05-15'),
(27, '2023-06-05'),
(58, '2023-06-19'),
(64, '2023-06-26'),
(94, '2023-04-19'),
(21, '2023-06-27'),
(83, '2023-06-29'),
(77, '2023-06-27'),
(15, '2023-06-26'),
(57, '2023-05-27'),
(54, '2023-06-28'),
(79, '2023-05-28'),
(96, '2023-04-18'),
(68, '2023-06-09'),
(12, '2023-05-24'),
(77, '2023-03-30'),
(29, '2023-06-29'),
(7, '2023-06-23'),
(99, '2023-05-29'),
(65, '2023-06-29'),
(95, '2023-04-06'),
(63, '2023-05-02'),
(74, '2023-06-25'),
(100, '2023-06-25'),
(71, '2023-05-28'),
(25, '2023-05-18'),
(64, '2023-05-15'),
(75, '2023-06-07'),
(7, '2023-06-29'),
(33, '2023-06-26'),
(60, '2023-05-27'),
(63, '2023-06-02'),
(93, '2023-06-25'),
(50, '2023-06-20'),
(1, '2023-03-24'),
(35, '2023-06-29'),
(91, '2023-04-16'),
(53, '2023-06-14'),
(92, '2023-05-14'),
(62, '2023-05-16'),
(18, '2023-06-28'),
(53, '2023-06-24'),
(32, '2023-06-28'),
(54, '2023-06-29'),
(44, '2023-06-26'),
(29, '2023-06-28'),
(48, '2023-06-14'),
(22, '2023-06-29'),
(68, '2023-06-18'),
(75, '2023-06-21'),
(49, '2023-04-30'),
(81, '2023-06-15'),
(4, '2023-05-24'),
(75, '2023-06-27'),
(66, '2023-06-29'),
(19, '2023-04-19'),
(39, '2023-06-06'),
(87, '2023-06-19'),
(86, '2023-03-16'),
(43, '2023-06-13'),
(60, '2023-06-24'),
(99, '2023-05-28'),
(47, '2023-06-23'),
(5, '2023-06-24'),
(48, '2023-06-14'),
(30, '2023-04-29'),
(86, '2023-02-25'),
(52, '2023-06-15'),
(74, '2023-06-25'),
(1, '2023-04-27'),
(11, '2023-06-13'),
(9, '2023-06-29'),
(37, '2023-05-08'),
(65, '2023-06-28'),
(11, '2023-06-03'),
(95, '2023-03-31'),
(73, '2023-03-24'),
(7, '2023-06-28'),
(12, '2023-06-17'),
(61, '2023-06-26'),
(24, '2023-06-08'),
(23, '2023-05-17'),
(11, '2023-06-25'),
(5, '2023-06-19'),
(64, '2023-05-20'),
(94, '2023-05-08'),
(33, '2023-05-05'),
(64, '2023-05-13'),
(59, '2023-04-15'),
(30, '2023-05-21'),
(50, '2023-06-28'),
(80, '2023-06-24'),
(41, '2023-06-29'),
(23, '2023-06-02'),
(93, '2023-04-23'),
(98, '2023-05-07'),
(79, '2023-05-30'),
(47, '2023-06-26'),
(79, '2023-06-16'),
(42, '2023-06-29'),
(49, '2023-05-10'),
(1, '2023-03-23'),
(71, '2023-04-22'),
(22, '2023-06-28'),
(91, '2023-06-07'),
(86, '2023-05-24'),
(59, '2023-05-07'),
(57, '2023-05-16'),
(71, '2023-06-19'),
(59, '2023-05-26'),
(45, '2023-06-26'),
(25, '2023-06-08'),
(52, '2023-06-27'),
(80, '2023-06-17'),
(77, '2023-04-14'),
(68, '2023-06-17'),
(80, '2023-06-10'),
(85, '2023-06-24'),
(11, '2023-05-07'),
(10, '2023-06-28'),
(9, '2023-06-19'),
(71, '2023-04-23'),
(79, '2023-06-17'),
(61, '2023-06-26'),
(57, '2023-05-01'),
(92, '2023-04-14'),
(8, '2023-06-14'),
(75, '2023-06-28'),
(90, '2023-06-13'),
(96, '2023-05-03'),
(38, '2023-05-09'),
(58, '2023-05-18'),
(43, '2023-06-19'),
(27, '2023-06-02'),
(48, '2023-06-29'),
(3, '2023-05-13'),
(31, '2023-04-24'),
(19, '2023-04-28'),
(40, '2023-06-11'),
(57, '2023-03-31'),
(46, '2023-05-29'),
(67, '2023-06-18'),
(23, '2023-04-02'),
(10, '2023-06-09'),
(1, '2023-06-26'),
(34, '2023-06-09'),
(67, '2023-06-17'),
(18, '2023-06-29'),
(86, '2023-05-07'),
(43, '2023-06-28'),
(17, '2023-06-15'),
(80, '2023-06-09'),
(33, '2023-05-20'),
(5, '2023-06-23'),
(38, '2023-04-06'),
(3, '2023-06-18'),
(47, '2023-06-26'),
(12, '2023-06-04'),
(48, '2023-06-24'),
(84, '2023-04-18'),
(46, '2023-06-02'),
(25, '2023-05-08'),
(91, '2023-02-25'),
(67, '2023-05-14'),
(100, '2023-06-27'),
(80, '2023-06-17'),
(17, '2023-06-25'),
(91, '2023-02-25'),
(62, '2023-04-17'),
(62, '2023-05-23'),
(5, '2023-06-16'),
(9, '2023-06-18'),
(7, '2023-06-18'),
(23, '2023-05-09'),
(90, '2023-06-28'),
(30, '2023-06-10'),
(25, '2023-06-04'),
(1, '2023-05-19'),
(29, '2023-06-26'),
(34, '2023-05-31'),
(49, '2023-05-23'),
(75, '2023-06-06'),
(77, '2023-06-09'),
(50, '2023-06-27'),
(24, '2023-05-17'),
(30, '2023-06-24'),
(60, '2023-04-28'),
(2, '2023-05-03'),
(51, '2023-06-19'),
(83, '2023-06-29'),
(12, '2023-06-09'),
(6, '2023-05-09'),
(51, '2023-06-09'),
(72, '2023-06-26'),
(73, '2023-06-05'),
(38, '2023-03-31'),
(62, '2023-06-07'),
(47, '2023-06-22'),
(38, '2023-05-09'),
(69, '2023-04-08'),
(20, '2023-06-23'),
(22, '2023-06-29'),
(85, '2023-06-29'),
(9, '2023-06-15'),
(50, '2023-06-21'),
(76, '2023-06-09'),
(2, '2023-06-06'),
(6, '2023-05-01'),
(98, '2023-03-22'),
(84, '2023-05-13'),
(30, '2023-06-20'),
(51, '2023-06-15'),
(70, '2023-06-28'),
(63, '2023-06-27'),
(19, '2023-05-17'),
(90, '2023-06-17'),
(85, '2023-06-17'),
(98, '2023-02-26'),
(69, '2023-04-03'),
(77, '2023-06-03'),
(42, '2023-06-28'),
(51, '2023-06-08'),
(56, '2023-06-24'),
(44, '2023-06-25'),
(10, '2023-06-13'),
(67, '2023-06-20'),
(77, '2023-04-20'),
(26, '2023-03-26'),
(33, '2023-05-26'),
(94, '2023-05-12'),
(89, '2023-06-15'),
(7, '2023-06-23'),
(97, '2023-04-24'),
(99, '2023-04-09'),
(47, '2023-06-23'),
(44, '2023-06-24'),
(67, '2023-06-12'),
(77, '2023-04-23'),
(8, '2023-06-27'),
(58, '2023-06-16'),
(15, '2023-05-10'),
(60, '2023-06-08'),
(12, '2023-06-02'),
(90, '2023-06-10'),
(72, '2023-06-29'),
(21, '2023-05-25'),
(85, '2023-06-29'),
(23, '2023-06-23'),
(16, '2023-06-29'),
(8, '2023-06-10'),
(35, '2023-06-29'),
(42, '2023-06-25'),
(95, '2023-05-25'),
(19, '2023-05-30'),
(77, '2023-05-03'),
(56, '2023-06-27'),
(98, '2023-03-18'),
(88, '2023-05-27'),
(11, '2023-04-28'),
(38, '2023-05-14'),
(35, '2023-06-29'),
(15, '2023-06-10'),
(2, '2023-05-17'),
(71, '2023-05-30'),
(2, '2023-06-09'),
(46, '2023-06-06'),
(29, '2023-06-25'),
(59, '2023-04-13'),
(73, '2023-04-28'),
(70, '2023-06-27'),
(37, '2023-06-18'),
(76, '2023-06-16'),
(76, '2023-06-27'),
(77, '2023-06-16'),
(20, '2023-06-23'),
(30, '2023-05-28'),
(23, '2023-04-18'),
(25, '2023-05-07'),
(100, '2023-05-21'),
(93, '2023-05-16'),
(3, '2023-06-11'),
(31, '2023-05-14'),
(7, '2023-06-19'),
(61, '2023-06-27'),
(79, '2023-06-07'),
(11, '2023-05-05'),
(43, '2023-06-15'),
(93, '2023-06-25'),
(87, '2023-06-14'),
(58, '2023-05-20'),
(10, '2023-06-21'),
(58, '2023-05-26'),
(44, '2023-06-21'),
(6, '2023-05-11'),
(28, '2023-06-27'),
(17, '2023-06-20'),
(89, '2023-05-19'),
(52, '2023-06-22'),
(25, '2023-05-24'),
(88, '2023-04-29'),
(16, '2023-06-29'),
(11, '2023-05-22'),
(70, '2023-06-24'),
(35, '2023-06-29'),
(1, '2023-03-10'),
(19, '2023-06-03'),
(12, '2023-06-06'),
(20, '2023-06-29'),
(30, '2023-05-27'),
(82, '2023-06-28'),
(28, '2023-06-25'),
(66, '2023-06-29'),
(47, '2023-06-28'),
(56, '2023-06-26'),
(69, '2023-05-20'),
(50, '2023-06-25'),
(70, '2023-06-29'),
(3, '2023-05-08'),
(75, '2023-06-14'),
(30, '2023-06-03'),
(92, '2023-06-14'),
(82, '2023-06-29'),
(95, '2023-04-26'),
(65, '2023-06-28'),
(93, '2023-05-15'),
(79, '2023-06-23'),
(77, '2023-05-11'),
(3, '2023-06-05'),
(94, '2023-06-17'),
(66, '2023-06-29'),
(42, '2023-06-29'),
(43, '2023-06-19'),
(35, '2023-06-29'),
(88, '2023-06-13'),
(84, '2023-03-09'),
(55, '2023-06-29'),
(43, '2023-06-15'),
(59, '2023-05-15'),
(20, '2023-06-19'),
(90, '2023-06-25'),
(52, '2023-06-26'),
(73, '2023-03-25'),
(1, '2023-03-20'),
(93, '2023-05-26'),
(5, '2023-06-24'),
(74, '2023-05-28'),
(88, '2023-06-22'),
(62, '2023-05-26'),
(64, '2023-05-21'),
(36, '2023-06-17'),
(59, '2023-04-20'),
(29, '2023-06-27'),
(10, '2023-06-26'),
(79, '2023-05-29'),
(37, '2023-05-04'),
(44, '2023-06-22'),
(10, '2023-05-29'),
(63, '2023-05-27'),
(82, '2023-06-25'),
(53, '2023-05-21'),
(86, '2023-02-02'),
(76, '2023-06-15'),
(44, '2023-06-18'),
(76, '2023-06-08'),
(72, '2023-06-29'),
(8, '2023-06-21'),
(86, '2023-02-24'),
(71, '2023-05-22'),
(47, '2023-06-27'),
(18, '2023-06-22'),
(94, '2023-05-23'),
(10, '2023-05-27'),
(45, '2023-06-29'),
(10, '2023-06-16'),
(3, '2023-06-06'),
(87, '2023-05-22'),
(92, '2023-02-27'),
(63, '2023-05-18'),
(85, '2023-06-12'),
(16, '2023-06-28'),
(22, '2023-06-28'),
(33, '2023-06-16'),
(19, '2023-05-26'),
(24, '2023-05-21'),
(58, '2023-06-27'),
(37, '2023-06-25'),
(22, '2023-06-29'),
(73, '2023-05-02'),
(16, '2023-06-28'),
(5, '2023-06-26'),
(95, '2023-04-23'),
(54, '2023-06-29'),
(37, '2023-06-06'),
(7, '2023-06-16'),
(13, '2023-06-21'),
(87, '2023-05-04'),
(74, '2023-06-23'),
(87, '2023-06-04'),
(71, '2023-04-15'),
(41, '2023-06-29'),
(19, '2023-04-15'),
(73, '2023-06-04'),
(20, '2023-06-22'),
(88, '2023-05-26'),
(4, '2023-05-26'),
(20, '2023-06-27'),
(63, '2023-05-19'),
(95, '2023-04-23'),
(82, '2023-06-23'),
(4, '2023-06-06'),
(81, '2023-06-16'),
(39, '2023-06-03'),
(95, '2023-04-30'),
(29, '2023-06-25'),
(48, '2023-06-29'),
(91, '2023-02-25'),
(90, '2023-06-22'),
(28, '2023-06-12'),
(9, '2023-06-22'),
(99, '2023-04-06'),
(46, '2023-06-01'),
(3, '2023-05-19'),
(50, '2023-06-27'),
(9, '2023-06-24'),
(80, '2023-06-16'),
(7, '2023-06-26'),
(41, '2023-06-27'),
(4, '2023-06-17'),
(13, '2023-06-29'),
(50, '2023-06-28'),
(88, '2023-04-17'),
(99, '2023-06-26'),
(32, '2023-06-20'),
(66, '2023-06-29'),
(41, '2023-06-27'),
(76, '2023-06-15'),
(59, '2023-04-12'),
(33, '2023-06-26'),
(42, '2023-06-23'),
(99, '2023-06-22'),
(38, '2023-06-16'),
(33, '2023-06-06'),
(51, '2023-06-11'),
(43, '2023-06-16'),
(26, '2023-04-21'),
(100, '2023-06-02'),
(24, '2023-06-11'),
(22, '2023-06-28'),
(32, '2023-06-21'),
(51, '2023-06-26'),
(35, '2023-06-29'),
(29, '2023-06-27'),
(5, '2023-06-24'),
(98, '2023-05-30'),
(26, '2023-05-20'),
(15, '2023-06-07'),
(84, '2023-04-18'),
(60, '2023-06-29'),
(81, '2023-06-02'),
(8, '2023-06-29'),
(31, '2023-06-26'),
(51, '2023-06-07'),
(30, '2023-06-21'),
(22, '2023-06-28'),
(80, '2023-06-10'),
(11, '2023-05-27'),
(23, '2023-05-28'),
(5, '2023-06-18'),
(88, '2023-05-10'),
(42, '2023-06-25'),
(24, '2023-06-08'),
(28, '2023-06-14'),
(40, '2023-06-20'),
(23, '2023-04-23'),
(31, '2023-03-31'),
(38, '2023-05-22'),
(98, '2023-05-30'),
(29, '2023-06-25'),
(12, '2023-06-29'),
(16, '2023-06-25'),
(19, '2023-06-05'),
(56, '2023-06-26'),
(23, '2023-06-06'),
(34, '2023-06-10'),
(2, '2023-06-17'),
(38, '2023-06-17'),
(50, '2023-06-23'),
(48, '2023-06-29'),
(71, '2023-05-13'),
(51, '2023-06-15'),
(31, '2023-06-27'),
(12, '2023-06-23'),
(89, '2023-04-27'),
(70, '2023-06-24'),
(57, '2023-06-23'),
(37, '2023-05-24'),
(65, '2023-06-29'),
(77, '2023-05-18'),
(68, '2023-05-19'),
(58, '2023-05-04'),
(98, '2023-06-23'),
(48, '2023-06-07'),
(96, '2023-04-08'),
(56, '2023-06-28'),
(86, '2023-03-11'),
(88, '2023-04-01'),
(2, '2023-06-16'),
(39, '2023-06-07'),
(21, '2023-06-13'),
(35, '2023-06-29'),
(59, '2023-06-24'),
(76, '2023-06-18'),
(40, '2023-06-11'),
(89, '2023-05-03'),
(73, '2023-06-21'),
(75, '2023-06-13'),
(79, '2023-06-06'),
(43, '2023-06-17'),
(70, '2023-06-28'),
(59, '2023-04-20'),
(36, '2023-06-24'),
(34, '2023-06-13'),
(96, '2023-05-13'),
(29, '2023-06-26'),
(41, '2023-06-27'),
(62, '2023-06-08'),
(4, '2023-05-28'),
(25, '2023-05-14'),
(75, '2023-06-26'),
(82, '2023-06-23'),
(63, '2023-05-21'),
(33, '2023-05-28'),
(34, '2023-06-02'),
(20, '2023-06-20'),
(34, '2023-06-02'),
(78, '2023-05-16'),
(88, '2023-06-26'),
(29, '2023-06-29'),
(13, '2023-06-21'),
(41, '2023-06-27'),
(36, '2023-06-18'),
(41, '2023-06-28'),
(21, '2023-05-26'),
(78, '2023-06-18'),
(11, '2023-06-26'),
(75, '2023-06-17'),
(87, '2023-04-04'),
(33, '2023-06-24'),
(85, '2023-06-17'),
(9, '2023-06-14'),
(46, '2023-05-24'),
(71, '2023-04-10'),
(40, '2023-06-26'),
(51, '2023-06-23'),
(71, '2023-04-25'),
(98, '2023-06-26'),
(47, '2023-06-20'),
(10, '2023-06-24'),
(75, '2023-06-02'),
(6, '2023-05-01'),
(51, '2023-06-21'),
(10, '2023-06-13'),
(67, '2023-05-26'),
(34, '2023-05-11'),
(18, '2023-05-29'),
(66, '2023-06-29'),
(65, '2023-06-29'),
(13, '2023-06-22'),
(11, '2023-05-26'),
(95, '2023-05-12'),
(43, '2023-06-12'),
(72, '2023-06-23'),
(78, '2023-05-22'),
(54, '2023-06-22'),
(87, '2023-05-24'),
(15, '2023-04-18'),
(17, '2023-06-20'),
(65, '2023-06-28'),
(50, '2023-06-21'),
(88, '2023-06-09'),
(36, '2023-06-26'),
(7, '2023-06-23'),
(96, '2023-01-25'),
(95, '2023-06-07'),
(77, '2023-04-19'),
(5, '2023-06-19'),
(73, '2023-03-22'),
(57, '2023-06-09'),
(87, '2023-04-01'),
(35, '2023-06-29'),
(85, '2023-06-21'),
(73, '2023-04-27'),
(11, '2023-05-08'),
(96, '2023-02-05'),
(97, '2023-06-06'),
(85, '2023-06-21'),
(57, '2023-03-22');
